id;sso_id;first_name;last_name;email;phone_number;hire_date
1;calculate Investment Account;Ralph;Carter;Lazaro.Jacobs63@hotmail.com;Concrete system;2020-02-18T02:57:42
2;Granite frame;Bert;Crooks;Harmon75@yahoo.com;Assistant;2020-02-18T04:44:29
3;maximized;Dominic;Champlin;Jaycee_Turcotte65@gmail.com;Switchable Garden;2020-02-17T18:45:36
4;Isle indigo;Garfield;Crist;Summer_Legros31@gmail.com;internet solution Games Singapore;2020-02-17T07:54:44
5;Granite infrastructures;Brian;Hayes;Bill_Doyle@gmail.com;lime payment portals;2020-02-17T22:43:46
6;Accounts deposit Decentralized;Lelia;Little;Carol.Rempel@hotmail.com;Identity;2020-02-17T06:47:31
7;payment Expressway;Vicky;Keeling;Edwin52@gmail.com;Cambridgeshire Illinois;2020-02-18T05:41:30
8;Electronics;Mariela;Spinka;Hope_Cruickshank98@hotmail.com;white;2020-02-18T02:16:59
9;Forward Shoes;Cindy;Collier;Daniela.Schimmel49@gmail.com;deliverables;2020-02-17T17:07:38
10;Home Loan Account;Aurelio;Bednar;Erick33@hotmail.com;withdrawal;2020-02-18T02:13:34
